acq_date,count,week_of_the_year,year
2001-03-18,7,11,2001
2001-03-25,0,12,2001
2001-04-01,26,13,2001
2001-04-08,28,14,2001
2001-04-15,92,15,2001
2001-04-22,78,16,2001
2001-04-29,42,17,2001
2001-05-06,13,18,2001
2001-05-13,14,19,2001
2001-05-20,8,20,2001
2001-05-27,2,21,2001
2001-06-03,0,22,2001
2001-06-10,0,23,2001
2001-06-17,0,24,2001
2001-06-24,0,25,2001
2001-07-01,0,26,2001
2001-07-08,0,27,2001
2001-07-15,0,28,2001
2001-07-22,0,29,2001
2001-07-29,0,30,2001
2001-08-05,0,31,2001
2001-08-12,0,32,2001
2001-08-19,0,33,2001
2001-08-26,0,34,2001
2001-09-02,0,35,2001
2001-09-09,0,36,2001
2001-09-16,0,37,2001
2001-09-23,0,38,2001
2001-09-30,0,39,2001
2001-10-07,0,40,2001
2001-10-14,0,41,2001
2001-10-21,0,42,2001
2001-10-28,0,43,2001
2001-11-04,0,44,2001
2001-11-11,0,45,2001
2001-11-18,0,46,2001
2001-11-25,0,47,2001
2001-12-02,0,48,2001
2001-12-09,0,49,2001
2001-12-16,0,50,2001
2001-12-23,0,51,2001
2001-12-30,0,52,2001
2002-01-06,0,1,2002
2002-01-13,0,2,2002
2002-01-20,0,3,2002
2002-01-27,0,4,2002
2002-02-03,0,5,2002
2002-02-10,0,6,2002
2002-02-17,0,7,2002
2002-02-24,0,8,2002
2002-03-03,0,9,2002
2002-03-10,0,10,2002
2002-03-17,0,11,2002
2002-03-24,0,12,2002
2002-03-31,3,13,2002
2002-04-07,8,14,2002
2002-04-14,14,15,2002
2002-04-21,41,16,2002
2002-04-28,111,17,2002
2002-05-05,106,18,2002
2002-05-12,45,19,2002
2002-05-19,5,20,2002
2002-05-26,4,21,2002
2002-06-02,6,22,2002
2002-06-09,0,23,2002
2002-06-16,0,24,2002
2002-06-23,0,25,2002
2002-06-30,0,26,2002
2002-07-07,0,27,2002
2002-07-14,0,28,2002
2002-07-21,0,29,2002
2002-07-28,0,30,2002
2002-08-04,0,31,2002
2002-08-11,0,32,2002
2002-08-18,0,33,2002
2002-08-25,0,34,2002
2002-09-01,0,35,2002
2002-09-08,0,36,2002
2002-09-15,0,37,2002
2002-09-22,0,38,2002
2002-09-29,0,39,2002
2002-10-06,0,40,2002
2002-10-13,0,41,2002
2002-10-20,1,42,2002
2002-10-27,0,43,2002
2002-11-03,0,44,2002
2002-11-10,0,45,2002
2002-11-17,0,46,2002
2002-11-24,0,47,2002
2002-12-01,0,48,2002
2002-12-08,0,49,2002
2002-12-15,0,50,2002
2002-12-22,0,51,2002
2002-12-29,0,52,2002
2003-01-05,0,1,2003
2003-01-12,0,2,2003
2003-01-19,0,3,2003
2003-01-26,1,4,2003
2003-02-02,2,5,2003
2003-02-09,0,6,2003
2003-02-16,1,7,2003
2003-02-23,2,8,2003
2003-03-02,6,9,2003
2003-03-09,24,10,2003
2003-03-16,20,11,2003
2003-03-23,1,12,2003
2003-03-30,11,13,2003
2003-04-06,2,14,2003
2003-04-13,4,15,2003
2003-04-20,148,16,2003
2003-04-27,203,17,2003
2003-05-04,50,18,2003
2003-05-11,459,19,2003
2003-05-18,179,20,2003
2003-05-25,34,21,2003
2003-06-01,3,22,2003
2003-06-08,5,23,2003
2003-06-15,3,24,2003
2003-06-22,2,25,2003
2003-06-29,1,26,2003
2003-07-06,0,27,2003
2003-07-13,0,28,2003
2003-07-20,0,29,2003
2003-07-27,0,30,2003
2003-08-03,0,31,2003
2003-08-10,0,32,2003
2003-08-17,0,33,2003
2003-08-24,0,34,2003
2003-08-31,0,35,2003
2003-09-07,0,36,2003
2003-09-14,0,37,2003
2003-09-21,0,38,2003
2003-09-28,0,39,2003
2003-10-05,0,40,2003
2003-10-12,0,41,2003
2003-10-19,0,42,2003
2003-10-26,1,43,2003
2003-11-02,0,44,2003
2003-11-09,0,45,2003
2003-11-16,0,46,2003
2003-11-23,0,47,2003
2003-11-30,0,48,2003
2003-12-07,0,49,2003
2003-12-14,0,50,2003
2003-12-21,1,51,2003
2003-12-28,0,52,2003
2004-01-04,3,1,2004
2004-01-11,0,2,2004
2004-01-18,2,3,2004
2004-01-25,0,4,2004
2004-02-01,0,5,2004
2004-02-08,0,6,2004
2004-02-15,0,7,2004
2004-02-22,2,8,2004
2004-02-29,0,9,2004
2004-03-07,7,10,2004
2004-03-14,7,11,2004
2004-03-21,9,12,2004
2004-03-28,28,13,2004
2004-04-04,9,14,2004
2004-04-11,51,15,2004
2004-04-18,50,16,2004
2004-04-25,151,17,2004
2004-05-02,39,18,2004
2004-05-09,0,19,2004
2004-05-16,3,20,2004
2004-05-23,4,21,2004
2004-05-30,24,22,2004
2004-06-06,25,23,2004
2004-06-13,2,24,2004
2004-06-20,1,25,2004
2004-06-27,1,26,2004
2004-07-04,0,27,2004
2004-07-11,0,28,2004
2004-07-18,0,29,2004
2004-07-25,0,30,2004
2004-08-01,0,31,2004
2004-08-08,0,32,2004
2004-08-15,3,33,2004
2004-08-22,0,34,2004
2004-08-29,0,35,2004
2004-09-05,0,36,2004
2004-09-12,0,37,2004
2004-09-19,0,38,2004
2004-09-26,0,39,2004
2004-10-03,0,40,2004
2004-10-10,0,41,2004
2004-10-17,0,42,2004
2004-10-24,0,43,2004
2004-10-31,0,44,2004
2004-11-07,0,45,2004
2004-11-14,0,46,2004
2004-11-21,0,47,2004
2004-11-28,0,48,2004
2004-12-05,0,49,2004
2004-12-12,0,50,2004
2004-12-19,1,51,2004
2004-12-26,0,52,2004
2005-01-02,0,53,2005
2005-01-09,5,1,2005
2005-01-16,0,2,2005
2005-01-23,2,3,2005
2005-01-30,1,4,2005
2005-02-06,1,5,2005
2005-02-13,11,6,2005
2005-02-20,6,7,2005
2005-02-27,7,8,2005
2005-03-06,34,9,2005
2005-03-13,73,10,2005
2005-03-20,87,11,2005
2005-03-27,160,12,2005
2005-04-03,151,13,2005
2005-04-10,111,14,2005
2005-04-17,69,15,2005
2005-04-24,83,16,2005
2005-05-01,77,17,2005
2005-05-08,8,18,2005
2005-05-15,59,19,2005
2005-05-22,14,20,2005
2005-05-29,12,21,2005
2005-06-05,0,22,2005
2005-06-12,0,23,2005
2005-06-19,0,24,2005
2005-06-26,0,25,2005
2005-07-03,0,26,2005
2005-07-10,0,27,2005
2005-07-17,0,28,2005
2005-07-24,0,29,2005
2005-07-31,0,30,2005
2005-08-07,4,31,2005
2005-08-14,0,32,2005
2005-08-21,0,33,2005
2005-08-28,0,34,2005
2005-09-04,0,35,2005
2005-09-11,0,36,2005
2005-09-18,0,37,2005
2005-09-25,0,38,2005
2005-10-02,0,39,2005
2005-10-09,0,40,2005
2005-10-16,0,41,2005
2005-10-23,0,42,2005
2005-10-30,0,43,2005
2005-11-06,0,44,2005
2005-11-13,0,45,2005
2005-11-20,0,46,2005
2005-11-27,0,47,2005
2005-12-04,0,48,2005
2005-12-11,0,49,2005
2005-12-18,0,50,2005
2005-12-25,0,51,2005
2006-01-01,0,52,2006
2006-01-08,0,1,2006
2006-01-15,0,2,2006
2006-01-22,0,3,2006
2006-01-29,0,4,2006
2006-02-05,1,5,2006
2006-02-12,0,6,2006
2006-02-19,0,7,2006
2006-02-26,0,8,2006
2006-03-05,1,9,2006
2006-03-12,1,10,2006
2006-03-19,5,11,2006
2006-03-26,18,12,2006
2006-04-02,12,13,2006
2006-04-09,42,14,2006
2006-04-16,81,15,2006
2006-04-23,223,16,2006
2006-04-30,136,17,2006
2006-05-07,107,18,2006
2006-05-14,175,19,2006
2006-05-21,13,20,2006
2006-05-28,0,21,2006
2006-06-04,4,22,2006
2006-06-11,6,23,2006
2006-06-18,0,24,2006
2006-06-25,0,25,2006
2006-07-02,0,26,2006
2006-07-09,0,27,2006
2006-07-16,0,28,2006
2006-07-23,0,29,2006
2006-07-30,0,30,2006
2006-08-06,0,31,2006
2006-08-13,0,32,2006
2006-08-20,1,33,2006
2006-08-27,0,34,2006
2006-09-03,0,35,2006
2006-09-10,0,36,2006
2006-09-17,0,37,2006
2006-09-24,0,38,2006
2006-10-01,0,39,2006
2006-10-08,0,40,2006
2006-10-15,0,41,2006
2006-10-22,0,42,2006
2006-10-29,0,43,2006
2006-11-05,0,44,2006
2006-11-12,0,45,2006
2006-11-19,0,46,2006
2006-11-26,0,47,2006
2006-12-03,0,48,2006
2006-12-10,0,49,2006
2006-12-17,0,50,2006
2006-12-24,0,51,2006
2006-12-31,0,52,2006
2007-01-07,0,1,2007
2007-01-14,0,2,2007
2007-01-21,0,3,2007
2007-01-28,0,4,2007
2007-02-04,0,5,2007
2007-02-11,0,6,2007
2007-02-18,0,7,2007
2007-02-25,0,8,2007
2007-03-04,0,9,2007
2007-03-11,0,10,2007
2007-03-18,2,11,2007
2007-03-25,5,12,2007
2007-04-01,12,13,2007
2007-04-08,3,14,2007
2007-04-15,16,15,2007
2007-04-22,63,16,2007
2007-04-29,93,17,2007
2007-05-06,113,18,2007
2007-05-13,40,19,2007
2007-05-20,27,20,2007
2007-05-27,29,21,2007
2007-06-03,1,22,2007
2007-06-10,1,23,2007
2007-06-17,0,24,2007
2007-06-24,0,25,2007
2007-07-01,0,26,2007
2007-07-08,4,27,2007
2007-07-15,0,28,2007
2007-07-22,13,29,2007
2007-07-29,0,30,2007
2007-08-05,0,31,2007
2007-08-12,0,32,2007
2007-08-19,0,33,2007
2007-08-26,0,34,2007
2007-09-02,0,35,2007
2007-09-09,0,36,2007
2007-09-16,0,37,2007
2007-09-23,0,38,2007
2007-09-30,0,39,2007
2007-10-07,0,40,2007
2007-10-14,0,41,2007
2007-10-21,0,42,2007
2007-10-28,0,43,2007
2007-11-04,0,44,2007
2007-11-11,0,45,2007
2007-11-18,0,46,2007
2007-11-25,0,47,2007
2007-12-02,0,48,2007
2007-12-09,0,49,2007
2007-12-16,0,50,2007
2007-12-23,0,51,2007
2007-12-30,0,52,2007
2008-01-06,0,1,2008
2008-01-13,2,2,2008
2008-01-20,0,3,2008
2008-01-27,0,4,2008
2008-02-03,0,5,2008
2008-02-10,0,6,2008
2008-02-17,0,7,2008
2008-02-24,2,8,2008
2008-03-02,0,9,2008
2008-03-09,0,10,2008
2008-03-16,3,11,2008
2008-03-23,6,12,2008
2008-03-30,1,13,2008
2008-04-06,13,14,2008
2008-04-13,49,15,2008
2008-04-20,23,16,2008
2008-04-27,153,17,2008
2008-05-04,66,18,2008
2008-05-11,85,19,2008
2008-05-18,122,20,2008
2008-05-25,28,21,2008
2008-06-01,15,22,2008
2008-06-08,4,23,2008
2008-06-15,0,24,2008
2008-06-22,0,25,2008
2008-06-29,0,26,2008
2008-07-06,0,27,2008
2008-07-13,0,28,2008
2008-07-20,0,29,2008
2008-07-27,0,30,2008
2008-08-03,0,31,2008
2008-08-10,0,32,2008
2008-08-17,2,33,2008
2008-08-24,0,34,2008
2008-08-31,0,35,2008
2008-09-07,0,36,2008
2008-09-14,0,37,2008
2008-09-21,0,38,2008
2008-09-28,0,39,2008
2008-10-05,0,40,2008
2008-10-12,0,41,2008
2008-10-19,0,42,2008
2008-10-26,0,43,2008
2008-11-02,0,44,2008
2008-11-09,0,45,2008
2008-11-16,0,46,2008
2008-11-23,0,47,2008
2008-11-30,0,48,2008
2008-12-07,0,49,2008
2008-12-14,0,50,2008
2008-12-21,0,51,2008
2008-12-28,0,52,2008
2009-01-04,0,1,2009
2009-01-11,1,2,2009
2009-01-18,0,3,2009
2009-01-25,1,4,2009
2009-02-01,1,5,2009
2009-02-08,1,6,2009
2009-02-15,1,7,2009
2009-02-22,2,8,2009
2009-03-01,2,9,2009
2009-03-08,9,10,2009
2009-03-15,15,11,2009
2009-03-22,18,12,2009
2009-03-29,55,13,2009
2009-04-05,237,14,2009
2009-04-12,274,15,2009
2009-04-19,182,16,2009
2009-04-26,69,17,2009
2009-05-03,43,18,2009
2009-05-10,34,19,2009
2009-05-17,37,20,2009
2009-05-24,44,21,2009
2009-05-31,49,22,2009
2009-06-07,3,23,2009
2009-06-14,6,24,2009
2009-06-21,0,25,2009
2009-06-28,1,26,2009
2009-07-05,0,27,2009
2009-07-12,0,28,2009
2009-07-19,0,29,2009
2009-07-26,2,30,2009
2009-08-02,0,31,2009
2009-08-09,0,32,2009
2009-08-16,0,33,2009
2009-08-23,0,34,2009
2009-08-30,0,35,2009
2009-09-06,0,36,2009
2009-09-13,0,37,2009
2009-09-20,0,38,2009
2009-09-27,0,39,2009
2009-10-04,0,40,2009
2009-10-11,0,41,2009
2009-10-18,0,42,2009
2009-10-25,0,43,2009
2009-11-01,0,44,2009
2009-11-08,0,45,2009
2009-11-15,0,46,2009
2009-11-22,0,47,2009
2009-11-29,0,48,2009
2009-12-06,0,49,2009
2009-12-13,0,50,2009
2009-12-20,0,51,2009
2009-12-27,0,52,2009
2010-01-03,0,53,2010
2010-01-10,0,1,2010
2010-01-17,0,2,2010
2010-01-24,1,3,2010
2010-01-31,0,4,2010
2010-02-07,0,5,2010
2010-02-14,0,6,2010
2010-02-21,0,7,2010
2010-02-28,0,8,2010
2010-03-07,0,9,2010
2010-03-14,12,10,2010
2010-03-21,4,11,2010
2010-03-28,13,12,2010
2010-04-04,36,13,2010
2010-04-11,99,14,2010
2010-04-18,1,15,2010
2010-04-25,10,16,2010
2010-05-02,29,17,2010
2010-05-09,171,18,2010
2010-05-16,104,19,2010
2010-05-23,0,20,2010
2010-05-30,1,21,2010
2010-06-06,2,22,2010
2010-06-13,7,23,2010
2010-06-20,6,24,2010
2010-06-27,0,25,2010
2010-07-04,0,26,2010
2010-07-11,0,27,2010
2010-07-18,0,28,2010
2010-07-25,0,29,2010
2010-08-01,0,30,2010
2010-08-08,0,31,2010
2010-08-15,0,32,2010
2010-08-22,0,33,2010
2010-08-29,0,34,2010
2010-09-05,0,35,2010
2010-09-12,0,36,2010
2010-09-19,0,37,2010
2010-09-26,0,38,2010
2010-10-03,0,39,2010
2010-10-10,0,40,2010
2010-10-17,0,41,2010
2010-10-24,0,42,2010
2010-10-31,0,43,2010
2010-11-07,0,44,2010
2010-11-14,0,45,2010
2010-11-21,0,46,2010
2010-11-28,0,47,2010
2010-12-05,0,48,2010
2010-12-12,2,49,2010
2010-12-19,1,50,2010
2010-12-26,1,51,2010
2011-01-02,0,52,2011
2011-01-09,0,1,2011
2011-01-16,0,2,2011
2011-01-23,0,3,2011
2011-01-30,0,4,2011
2011-02-06,1,5,2011
2011-02-13,0,6,2011
2011-02-20,0,7,2011
2011-02-27,3,8,2011
2011-03-06,2,9,2011
2011-03-13,0,10,2011
2011-03-20,1,11,2011
2011-03-27,18,12,2011
2011-04-03,83,13,2011
2011-04-10,143,14,2011
2011-04-17,180,15,2011
2011-04-24,160,16,2011
2011-05-01,78,17,2011
2011-05-08,64,18,2011
2011-05-15,127,19,2011
2011-05-22,29,20,2011
2011-05-29,24,21,2011
2011-06-05,20,22,2011
2011-06-12,3,23,2011
2011-06-19,3,24,2011
2011-06-26,2,25,2011
2011-07-03,1,26,2011
2011-07-10,0,27,2011
2011-07-17,0,28,2011
2011-07-24,0,29,2011
2011-07-31,0,30,2011
2011-08-07,0,31,2011
2011-08-14,0,32,2011
2011-08-21,0,33,2011
2011-08-28,0,34,2011
2011-09-04,0,35,2011
2011-09-11,0,36,2011
2011-09-18,0,37,2011
2011-09-25,0,38,2011
2011-10-02,0,39,2011
2011-10-09,0,40,2011
2011-10-16,0,41,2011
2011-10-23,0,42,2011
2011-10-30,0,43,2011
2011-11-06,0,44,2011
2011-11-13,0,45,2011
2011-11-20,0,46,2011
2011-11-27,0,47,2011
2011-12-04,1,48,2011
2011-12-11,0,49,2011
2011-12-18,0,50,2011
2011-12-25,0,51,2011
2012-01-01,0,52,2012
2012-01-08,0,1,2012
2012-01-15,0,2,2012
2012-01-22,1,3,2012
2012-01-29,0,4,2012
2012-02-05,0,5,2012
2012-02-12,0,6,2012
2012-02-19,1,7,2012
2012-02-26,1,8,2012
2012-03-04,1,9,2012
2012-03-11,1,10,2012
2012-03-18,2,11,2012
2012-03-25,14,12,2012
2012-04-01,13,13,2012
2012-04-08,7,14,2012
2012-04-15,14,15,2012
2012-04-22,4,16,2012
2012-04-29,30,17,2012
2012-05-06,44,18,2012
2012-05-13,58,19,2012
2012-05-20,0,20,2012
2012-05-27,3,21,2012
2012-06-03,2,22,2012
2012-06-10,0,23,2012
2012-06-17,0,24,2012
2012-06-24,0,25,2012
2012-07-01,0,26,2012
2012-07-08,0,27,2012
2012-07-15,4,28,2012
2012-07-22,0,29,2012
2012-07-29,0,30,2012
2012-08-05,0,31,2012
2012-08-12,0,32,2012
2012-08-19,0,33,2012
2012-08-26,0,34,2012
2012-09-02,0,35,2012
2012-09-09,1,36,2012
2012-09-16,0,37,2012
2012-09-23,0,38,2012
2012-09-30,0,39,2012
2012-10-07,3,40,2012
2012-10-14,0,41,2012
2012-10-21,0,42,2012
2012-10-28,0,43,2012
2012-11-04,0,44,2012
2012-11-11,0,45,2012
2012-11-18,0,46,2012
2012-11-25,0,47,2012
2012-12-02,0,48,2012
2012-12-09,0,49,2012
2012-12-16,1,50,2012
2012-12-23,1,51,2012
2012-12-30,0,52,2012
2013-01-06,3,1,2013
2013-01-13,1,2,2013
2013-01-20,1,3,2013
2013-01-27,0,4,2013
2013-02-03,0,5,2013
2013-02-10,3,6,2013
2013-02-17,2,7,2013
2013-02-24,20,8,2013
2013-03-03,14,9,2013
2013-03-10,64,10,2013
2013-03-17,21,11,2013
2013-03-24,177,12,2013
2013-03-31,89,13,2013
2013-04-07,44,14,2013
2013-04-14,71,15,2013
2013-04-21,43,16,2013
2013-04-28,28,17,2013
2013-05-05,41,18,2013
2013-05-12,26,19,2013
2013-05-19,27,20,2013
2013-05-26,20,21,2013
2013-06-02,1,22,2013
2013-06-09,0,23,2013
2013-06-16,0,24,2013
2013-06-23,0,25,2013
2013-06-30,0,26,2013
2013-07-07,0,27,2013
2013-07-14,0,28,2013
2013-07-21,0,29,2013
2013-07-28,3,30,2013
2013-08-04,0,31,2013
2013-08-11,0,32,2013
2013-08-18,0,33,2013
2013-08-25,0,34,2013
2013-09-01,0,35,2013
2013-09-08,0,36,2013
2013-09-15,0,37,2013
2013-09-22,0,38,2013
2013-09-29,0,39,2013
2013-10-06,0,40,2013
2013-10-13,0,41,2013
2013-10-20,0,42,2013
2013-10-27,0,43,2013
2013-11-03,0,44,2013
2013-11-10,0,45,2013
2013-11-17,0,46,2013
2013-11-24,0,47,2013
2013-12-01,0,48,2013
2013-12-08,0,49,2013
2013-12-15,0,50,2013
2013-12-22,0,51,2013
2013-12-29,0,52,2013
2014-01-05,0,1,2014
2014-01-12,0,2,2014
2014-01-19,0,3,2014
2014-01-26,0,4,2014
2014-02-02,0,5,2014
2014-02-09,0,6,2014
2014-02-16,0,7,2014
2014-02-23,0,8,2014
2014-03-02,0,9,2014
2014-03-09,0,10,2014
2014-03-16,1,11,2014
2014-03-23,6,12,2014
2014-03-30,32,13,2014
2014-04-06,30,14,2014
2014-04-13,49,15,2014
2014-04-20,80,16,2014
2014-04-27,185,17,2014
2014-05-04,13,18,2014
2014-05-11,33,19,2014
2014-05-18,14,20,2014
2014-05-25,4,21,2014
2014-06-01,1,22,2014
2014-06-08,0,23,2014
2014-06-15,0,24,2014
2014-06-22,0,25,2014
2014-06-29,0,26,2014
2014-07-06,0,27,2014
2014-07-13,1,28,2014
2014-07-20,0,29,2014
2014-07-27,2,30,2014
2014-08-03,0,31,2014
2014-08-10,0,32,2014
2014-08-17,0,33,2014
2014-08-24,1,34,2014
2014-08-31,0,35,2014
2014-09-07,0,36,2014
2014-09-14,0,37,2014
2014-09-21,0,38,2014
2014-09-28,0,39,2014
2014-10-05,0,40,2014
2014-10-12,0,41,2014
2014-10-19,0,42,2014
2014-10-26,0,43,2014
2014-11-02,0,44,2014
2014-11-09,0,45,2014
2014-11-16,0,46,2014
2014-11-23,0,47,2014
2014-11-30,0,48,2014
2014-12-07,0,49,2014
2014-12-14,0,50,2014
2014-12-21,0,51,2014
2014-12-28,0,52,2014
2015-01-04,0,1,2015
2015-01-11,0,2,2015
2015-01-18,0,3,2015
2015-01-25,0,4,2015
2015-02-01,0,5,2015
2015-02-08,0,6,2015
2015-02-15,1,7,2015
2015-02-22,0,8,2015
2015-03-01,0,9,2015
2015-03-08,2,10,2015
2015-03-15,4,11,2015
2015-03-22,12,12,2015
2015-03-29,45,13,2015
2015-04-05,76,14,2015
2015-04-12,123,15,2015
2015-04-19,108,16,2015
2015-04-26,187,17,2015
2015-05-03,10,18,2015
2015-05-10,73,19,2015
2015-05-17,27,20,2015
2015-05-24,19,21,2015
2015-05-31,19,22,2015
2015-06-07,0,23,2015
2015-06-14,1,24,2015
2015-06-21,2,25,2015
2015-06-28,0,26,2015
2015-07-05,0,27,2015
2015-07-12,1,28,2015
2015-07-19,0,29,2015
2015-07-26,0,30,2015
2015-08-02,0,31,2015
2015-08-09,0,32,2015
2015-08-16,0,33,2015
2015-08-23,0,34,2015
2015-08-30,0,35,2015
2015-09-06,0,36,2015
2015-09-13,0,37,2015
2015-09-20,0,38,2015
2015-09-27,0,39,2015
2015-10-04,0,40,2015
2015-10-11,2,41,2015
2015-10-18,0,42,2015
2015-10-25,0,43,2015
2015-11-01,0,44,2015
2015-11-08,0,45,2015
2015-11-15,0,46,2015
2015-11-22,0,47,2015
2015-11-29,0,48,2015
2015-12-06,0,49,2015
2015-12-13,0,50,2015
2015-12-20,0,51,2015
2015-12-27,0,52,2015
2016-01-03,0,53,2016
2016-01-10,0,1,2016
2016-01-17,0,2,2016
2016-01-24,0,3,2016
2016-01-31,1,4,2016
2016-02-07,0,5,2016
2016-02-14,1,6,2016
2016-02-21,1,7,2016
2016-02-28,1,8,2016
2016-03-06,0,9,2016
2016-03-13,0,10,2016
2016-03-20,1,11,2016
2016-03-27,2,12,2016
2016-04-03,13,13,2016
2016-04-10,7,14,2016
2016-04-17,74,15,2016
2016-04-24,21,16,2016
2016-05-01,88,17,2016
2016-05-08,64,18,2016
2016-05-15,45,19,2016
2016-05-22,15,20,2016
2016-05-29,19,21,2016
2016-06-05,7,22,2016
2016-06-12,2,23,2016
2016-06-19,0,24,2016
2016-06-26,0,25,2016
2016-07-03,0,26,2016
2016-07-10,0,27,2016
2016-07-17,0,28,2016
2016-07-24,0,29,2016
2016-07-31,0,30,2016
2016-08-07,0,31,2016
2016-08-14,0,32,2016
2016-08-21,0,33,2016
2016-08-28,0,34,2016
2016-09-04,0,35,2016
2016-09-11,0,36,2016
2016-09-18,0,37,2016
2016-09-25,3,38,2016
2016-10-02,1,39,2016
2016-10-09,0,40,2016
2016-10-16,0,41,2016
2016-10-23,0,42,2016
2016-10-30,0,43,2016
2016-11-06,0,44,2016
2016-11-13,1,45,2016
2016-11-20,1,46,2016
2016-11-27,0,47,2016
2016-12-04,0,48,2016
2016-12-11,0,49,2016
2016-12-18,0,50,2016
2016-12-25,0,51,2016
2017-01-01,0,52,2017
2017-01-08,0,1,2017
2017-01-15,0,2,2017
2017-01-22,0,3,2017
2017-01-29,0,4,2017
2017-02-05,0,5,2017
2017-02-12,2,6,2017
2017-02-19,2,7,2017
2017-02-26,16,8,2017
2017-03-05,15,9,2017
2017-03-12,12,10,2017
2017-03-19,30,11,2017
2017-03-26,62,12,2017
2017-04-02,59,13,2017
2017-04-09,30,14,2017
2017-04-16,68,15,2017
2017-04-23,5,16,2017
2017-04-30,74,17,2017
2017-05-07,40,18,2017
2017-05-14,26,19,2017
2017-05-21,12,20,2017
2017-05-28,8,21,2017
2017-06-04,0,22,2017
2017-06-11,0,23,2017
2017-06-18,0,24,2017
2017-06-25,0,25,2017
2017-07-02,0,26,2017
2017-07-09,0,27,2017
2017-07-16,0,28,2017
2017-07-23,0,29,2017
2017-07-30,0,30,2017
2017-08-06,0,31,2017
2017-08-13,0,32,2017
2017-08-20,1,33,2017
2017-08-27,0,34,2017
2017-09-03,0,35,2017
2017-09-10,0,36,2017
2017-09-17,0,37,2017
2017-09-24,0,38,2017
2017-10-01,0,39,2017
2017-10-08,0,40,2017
2017-10-15,0,41,2017
2017-10-22,0,42,2017
2017-10-29,0,43,2017
2017-11-05,0,44,2017
2017-11-12,0,45,2017
2017-11-19,0,46,2017
2017-11-26,0,47,2017
2017-12-03,0,48,2017
2017-12-10,0,49,2017
2017-12-17,0,50,2017
2017-12-24,0,51,2017
2017-12-31,0,52,2017
2018-01-07,0,1,2018
2018-01-14,0,2,2018
2018-01-21,0,3,2018
2018-01-28,0,4,2018
2018-02-04,0,5,2018
2018-02-11,0,6,2018
2018-02-18,2,7,2018
2018-02-25,1,8,2018
2018-03-04,4,9,2018
2018-03-11,12,10,2018
2018-03-18,4,11,2018
2018-03-25,13,12,2018
2018-04-01,47,13,2018
2018-04-08,52,14,2018
2018-04-15,60,15,2018
2018-04-22,27,16,2018
2018-04-29,31,17,2018
2018-05-06,19,18,2018
2018-05-13,8,19,2018
2018-05-20,3,20,2018
2018-05-27,0,21,2018
2018-06-03,2,22,2018
2018-06-10,0,23,2018
2018-06-17,0,24,2018
2018-06-24,0,25,2018
2018-07-01,0,26,2018
2018-07-08,0,27,2018
2018-07-15,0,28,2018
2018-07-22,0,29,2018
2018-07-29,4,30,2018
2018-08-05,0,31,2018
2018-08-12,0,32,2018
2018-08-19,0,33,2018
2018-08-26,0,34,2018
2018-09-02,0,35,2018
2018-09-09,0,36,2018
2018-09-16,0,37,2018
2018-09-23,0,38,2018
2018-09-30,0,39,2018
2018-10-07,0,40,2018
2018-10-14,0,41,2018
2018-10-21,0,42,2018
2018-10-28,0,43,2018
2018-11-04,0,44,2018
2018-11-11,0,45,2018
2018-11-18,0,46,2018
2018-11-25,0,47,2018
2018-12-02,0,48,2018
2018-12-09,0,49,2018
2018-12-16,0,50,2018
2018-12-23,0,51,2018
2018-12-30,0,52,2018
2019-01-06,0,1,2019
2019-01-13,0,2,2019
2019-01-20,0,3,2019
2019-01-27,1,4,2019
2019-02-03,1,5,2019
2019-02-10,0,6,2019
2019-02-17,0,7,2019
2019-02-24,0,8,2019
2019-03-03,3,9,2019
2019-03-10,10,10,2019
2019-03-17,31,11,2019
2019-03-24,4,12,2019
2019-03-31,48,13,2019
2019-04-07,69,14,2019
2019-04-14,54,15,2019
2019-04-21,86,16,2019
2019-04-28,78,17,2019
2019-05-05,67,18,2019
2019-05-12,38,19,2019
2019-05-19,19,20,2019
2019-05-26,8,21,2019
2019-06-02,6,22,2019
2019-06-09,4,23,2019
2019-06-16,2,24,2019
2019-06-23,7,25,2019
2019-06-30,5,26,2019
2019-07-07,3,27,2019
2019-07-14,0,28,2019
2019-07-21,0,29,2019
2019-07-28,1,30,2019
2019-08-04,0,31,2019
2019-08-11,0,32,2019
2019-08-18,0,33,2019
2019-08-25,0,34,2019
2019-09-01,0,35,2019
2019-09-08,0,36,2019
2019-09-15,0,37,2019
2019-09-22,0,38,2019
2019-09-29,0,39,2019
2019-10-06,0,40,2019
2019-10-13,0,41,2019
2019-10-20,0,42,2019
2019-10-27,0,43,2019
2019-11-03,0,44,2019
2019-11-10,0,45,2019
2019-11-17,0,46,2019
2019-11-24,0,47,2019
2019-12-01,0,48,2019
2019-12-08,0,49,2019
2019-12-15,0,50,2019
2019-12-22,0,51,2019
2019-12-29,0,52,2019
2020-01-05,0,1,2020
2020-01-12,0,2,2020
2020-01-19,0,3,2020
2020-01-26,0,4,2020
2020-02-02,0,5,2020
2020-02-09,0,6,2020
2020-02-16,1,7,2020
2020-02-23,1,8,2020
2020-03-01,3,9,2020
2020-03-08,2,10,2020
2020-03-15,10,11,2020
2020-03-22,27,12,2020
2020-03-29,62,13,2020
2020-04-05,52,14,2020
2020-04-12,146,15,2020
2020-04-19,112,16,2020
2020-04-26,59,17,2020
2020-05-03,25,18,2020
2020-05-10,19,19,2020
2020-05-17,21,20,2020
2020-05-24,4,21,2020
2020-05-31,5,22,2020
2020-06-07,0,23,2020
2020-06-14,0,24,2020
2020-06-21,0,25,2020
2020-06-28,0,26,2020
2020-07-05,0,27,2020
2020-07-12,0,28,2020
2020-07-19,0,29,2020
2020-07-26,2,30,2020
